,矫焙备 绊蜡蔼
0,堡林堡开矫 堡魂备 档魂悼
1,堡林堡开矫 堡魂备 档玫悼
2,堡林堡开矫 堡魂备 厚酒悼
3,堡林堡开矫 堡魂备 魂岿悼
4,堡林堡开矫 堡魂备 魂沥悼
5,堡林堡开矫 堡魂备 急鞠悼
6,堡林堡开矫 堡魂备 家锰悼
7,堡林堡开矫 堡魂备 价沥悼
8,堡林堡开矫 堡魂备 荐肯悼
9,堡林堡开矫 堡魂备 脚啊悼
10,堡林堡开矫 堡魂备 脚芒悼
11,堡林堡开矫 堡魂备 脚锰悼
12,堡林堡开矫 堡魂备 街鞠悼
13,堡林堡开矫 堡魂备 快魂悼
14,堡林堡开矫 堡魂备 款巢悼
15,堡林堡开矫 堡魂备 款荐悼
16,堡林堡开矫 堡魂备 岿拌悼
17,堡林堡开矫 堡魂备 岿邦悼
18,堡林堡开矫 堡魂备 厘傣悼
19,堡林堡开矫 堡魂备 窍巢悼
20,堡林堡开矫 堡魂备 孺籍悼
21,堡林堡开矫 巢备 畴措悼
22,堡林堡开矫 巢备 规覆悼
23,堡林堡开矫 巢备 归款悼
24,堡林堡开矫 巢备 豪急悼
25,堡林堡开矫 巢备 荤悼
26,堡林堡开矫 巢备 辑悼
27,堡林堡开矫 巢备 价窍悼
28,堡林堡开矫 巢备 拘锰悼
29,堡林堡开矫 巢备 剧覆悼
30,堡林堡开矫 巢备 岿魂悼
31,堡林堡开矫 巢备 烙鞠悼
32,堡林堡开矫 巢备 林岿悼
33,堡林堡开矫 巢备 瘤籍悼
34,堡林堡开矫 巢备 柳岿悼
35,堡林堡开矫 巢备 青鞠悼
36,堡林堡开矫 悼备 拌覆悼
37,堡林堡开矫 悼备 陛巢肺3啊
38,堡林堡开矫 悼备 陛巢肺5啊
39,堡林堡开矫 悼备 悼疙悼
40,堡林堡开矫 悼备 魂荐悼
41,堡林堡开矫 悼备 家怕悼
42,堡林堡开矫 悼备 荐扁悼
43,堡林堡开矫 悼备 侩魂悼
44,堡林堡开矫 悼备 款覆悼
45,堡林堡开矫 悼备 岿巢悼
46,堡林堡开矫 悼备 瘤魂悼
47,堡林堡开矫 悼备 面厘肺4啊
48,堡林堡开矫 悼备 切悼
49,堡林堡开矫 合备 阿拳悼
50,堡林堡开矫 合备 悼覆悼
51,堡林堡开矫 合备 滴鞠悼
52,堡林堡开矫 合备 概邦悼
53,堡林堡开矫 合备 巩蕊悼
54,堡林堡开矫 合备 夯锰悼
55,堡林堡开矫 合备 合悼
56,堡林堡开矫 合备 伙阿悼
57,堡林堡开矫 合备 脚救悼
58,堡林堡开矫 合备 脚侩悼
59,堡林堡开矫 合备 剧魂悼
60,堡林堡开矫 合备 楷力悼
61,堡林堡开矫 合备 坷摹悼
62,堡林堡开矫 合备 侩滴悼
63,堡林堡开矫 合备 侩豪悼
64,堡林堡开矫 合备 快魂悼
65,堡林堡开矫 合备 款鞠悼
66,堡林堡开矫 合备 蜡悼
67,堡林堡开矫 合备 老邦悼
68,堡林堡开矫 合备 烙悼
69,堡林堡开矫 合备 吝蕊悼
70,堡林堡开矫 合备 浅氢悼
71,堡林堡开矫 辑备 堡玫悼
72,堡林堡开矫 辑备 陛龋悼
73,堡林堡开矫 辑备 郴规悼
74,堡林堡开矫 辑备 丑己悼
75,堡林堡开矫 辑备 悼玫悼
76,堡林堡开矫 辑备 付袱悼
77,堡林堡开矫 辑备 街锰悼
78,堡林堡开矫 辑备 剧悼
79,堡林堡开矫 辑备 蜡锰悼
80,堡林堡开矫 辑备 摹乞悼
81,堡林堡开矫 辑备 浅鞠悼
82,堡林堡开矫 辑备 拳沥悼
83,堡林堡开矫 悼备 陛巢肺2啊
84,堡林堡开矫 悼备 措牢悼
85,堡林堡开矫 辑备 概岿悼
